area;tecnologia;division;proyecto
BACKEND/ENSAMBLE FINAL;Programacion;B&S;GM
BACKEND/ENSAMBLE FINAL;Programacion;B&S;GM
BACKEND/ENSAMBLE FINAL;Programacion;B&S;GM
BACKEND/ENSAMBLE FINAL;Programacion;B&S;GM
BACKEND/ENSAMBLE FINAL;Programacion;B&S;GM
BACKEND/ENSAMBLE FINAL;Programacion;B&S;GM
BACKEND/ENSAMBLE FINAL;Programacion;B&S;GM
BACKEND/ENSAMBLE FINAL;Programacion;B&S;GM
BACKEND/ENSAMBLE FINAL;Programacion;B&S;GM
BACKEND/ENSAMBLE FINAL;Programacion;B&S;GM
BACKEND/ENSAMBLE FINAL;Despanelizado;B&S;GM
BACKEND/ENSAMBLE FINAL;Despanelizado;B&S;GM
BACKEND/ENSAMBLE FINAL;Despanelizado;B&S;GM
BACKEND/ENSAMBLE FINAL;Despanelizado;B&S;GM
BACKEND/ENSAMBLE FINAL;Despanelizado;B&S;GM
BACKEND/ENSAMBLE FINAL;Despanelizado;B&S;GM
BACKEND/ENSAMBLE FINAL;Despanelizado;B&S;GM
BACKEND/ENSAMBLE FINAL;Despanelizado;B&S;GM
BACKEND/ENSAMBLE FINAL;Despanelizado;B&S;GM
BACKEND/ENSAMBLE FINAL;Despanelizado;B&S;GM
BACKEND/ENSAMBLE FINAL;Despanelizado;B&S;GM
BACKEND/ENSAMBLE FINAL;Ensamble de seal;B&S;GM
BACKEND/ENSAMBLE FINAL;Ensamble de seal;B&S;GM
BACKEND/ENSAMBLE FINAL;Ensamble de seal;B&S;GM
BACKEND/ENSAMBLE FINAL;Ensamble de seal;B&S;GM
BACKEND/ENSAMBLE FINAL;Ensamble de seal;B&S;GM
BACKEND/ENSAMBLE FINAL;Ensamble de seal;B&S;GM
BACKEND/ENSAMBLE FINAL;Ensamble de PCB;B&S;GM
BACKEND/ENSAMBLE FINAL;Ensamble de PCB;B&S;GM
BACKEND/ENSAMBLE FINAL;Ensamble de PCB;B&S;GM
BACKEND/ENSAMBLE FINAL;Ensamble de PCB;B&S;GM
BACKEND/ENSAMBLE FINAL;Ensamble de PCB;B&S;GM
BACKEND/ENSAMBLE FINAL;Ensamble de PCB;B&S;GM
BACKEND/ENSAMBLE FINAL;Ensamble de PCB;B&S;GM
BACKEND/ENSAMBLE FINAL;Ensamble de PCB;B&S;GM
BACKEND/ENSAMBLE FINAL;Ensamble de PCB;B&S;GM
BACKEND/ENSAMBLE FINAL;Ensamble de PCB;B&S;GM
BACKEND/ENSAMBLE FINAL;Carga y descarga celda  Bosch;B&S;GM
BACKEND/ENSAMBLE FINAL;Carga y descarga celda  Bosch;B&S;GM
BACKEND/ENSAMBLE FINAL;Carga y descarga celda  Bosch;B&S;GM
BACKEND/ENSAMBLE FINAL;Carga y descarga celda  Bosch;B&S;GM
BACKEND/ENSAMBLE FINAL;Medición de altura;B&S;GM
BACKEND/ENSAMBLE FINAL;Inserción de batería;B&S;GM
BACKEND/ENSAMBLE FINAL;Inserción de batería;B&S;GM
BACKEND/ENSAMBLE FINAL;Robot de Soldado;B&S;GM
BACKEND/ENSAMBLE FINAL;Robot de Soldado;B&S;GM
BACKEND/ENSAMBLE FINAL;Robot de Soldado;B&S;GM
BACKEND/ENSAMBLE FINAL;Robot de Soldado;B&S;GM
BACKEND/ENSAMBLE FINAL;Robot de Soldado;B&S;GM
BACKEND/ENSAMBLE FINAL;Robot de Soldado;B&S;GM
BACKEND/ENSAMBLE FINAL;Robot de Soldado;B&S;GM
BACKEND/ENSAMBLE FINAL;Robot de Soldado;B&S;GM
BACKEND/ENSAMBLE FINAL;Robot de Soldado;B&S;GM
BACKEND/ENSAMBLE FINAL;Robot de Soldado;B&S;GM
BACKEND/ENSAMBLE FINAL;Robot de Soldado;B&S;GM
BACKEND/ENSAMBLE FINAL;Retoque ;B&S;GM
BACKEND/ENSAMBLE FINAL;Retoque ;B&S;GM
BACKEND/ENSAMBLE FINAL;Retoque ;B&S;GM
BACKEND/ENSAMBLE FINAL;Retoque ;B&S;GM
BACKEND/ENSAMBLE FINAL;Retoque ;B&S;GM
BACKEND/ENSAMBLE FINAL;Retoque ;B&S;GM
BACKEND/ENSAMBLE FINAL;Retoque ;B&S;GM
BACKEND/ENSAMBLE FINAL;Retoque ;B&S;GM
BACKEND/ENSAMBLE FINAL;Retoque ;B&S;GM
BACKEND/ENSAMBLE FINAL;Retoque ;B&S;GM
BACKEND/ENSAMBLE FINAL;Retoque ;B&S;GM
BACKEND/ENSAMBLE FINAL;Retoque ;B&S;GM
BACKEND/ENSAMBLE FINAL;Retoque ;B&S;GM
BACKEND/ENSAMBLE FINAL;Retoque ;B&S;GM
BACKEND/ENSAMBLE FINAL;RF Mix;B&S;GM
BACKEND/ENSAMBLE FINAL;RF Mix;B&S;GM
BACKEND/ENSAMBLE FINAL;RF Mix;B&S;GM
BACKEND/ENSAMBLE FINAL;RF Mix;B&S;GM
BACKEND/ENSAMBLE FINAL;RF Mix;B&S;GM
BACKEND/ENSAMBLE FINAL;RF Mix;B&S;GM
BACKEND/ENSAMBLE FINAL;PU;B&S;GM
BACKEND/ENSAMBLE FINAL;PU;B&S;GM
BACKEND/ENSAMBLE FINAL;PU;B&S;GM
BACKEND/ENSAMBLE FINAL;PU;B&S;GM
BACKEND/ENSAMBLE FINAL;PU;B&S;GM
BACKEND/ENSAMBLE FINAL;PU;B&S;GM
BACKEND/ENSAMBLE FINAL;Ensamble de válvula;B&S;GM
BACKEND/ENSAMBLE FINAL;Ensamble de válvula;B&S;GM
BACKEND/ENSAMBLE FINAL;Ensamble de válvula;B&S;GM
BACKEND/ENSAMBLE FINAL;Ensamble de válvula;B&S;GM
BACKEND/ENSAMBLE FINAL;Ensamble de válvula;B&S;GM
BACKEND/ENSAMBLE FINAL;Ensamble de válvula;B&S;GM
BACKEND/ENSAMBLE FINAL;Ensamble de washer;B&S;GM
BACKEND/ENSAMBLE FINAL;Ensamble de washer;B&S;GM
BACKEND/ENSAMBLE FINAL;Ensamble de washer;B&S;GM
BACKEND/ENSAMBLE FINAL;Ensamble de washer;B&S;GM
BACKEND/ENSAMBLE FINAL;Ensamble de washer;B&S;GM
BACKEND/ENSAMBLE FINAL;Ensamble de washer;B&S;GM
BACKEND/ENSAMBLE FINAL;Prueba Final;B&S;GM
BACKEND/ENSAMBLE FINAL;Prueba Final;B&S;GM
BACKEND/ENSAMBLE FINAL;Empaque;B&S;GM
BACKEND/ENSAMBLE FINAL;Empaque;B&S;GM
BACKEND/ENSAMBLE FINAL;Programacion;B&S;HMC
BACKEND/ENSAMBLE FINAL;Programacion;B&S;HMC
BACKEND/ENSAMBLE FINAL;Programacion;B&S;HMC
BACKEND/ENSAMBLE FINAL;Programacion;B&S;HMC
BACKEND/ENSAMBLE FINAL;Programacion;B&S;HMC
BACKEND/ENSAMBLE FINAL;Programacion;B&S;HMC
BACKEND/ENSAMBLE FINAL;Programacion;B&S;HMC
BACKEND/ENSAMBLE FINAL;Programacion;B&S;HMC
BACKEND/ENSAMBLE FINAL;Programacion;B&S;HMC
BACKEND/ENSAMBLE FINAL;Programacion;B&S;HMC
BACKEND/ENSAMBLE FINAL;Despanelizado;B&S;HMC
BACKEND/ENSAMBLE FINAL;Despanelizado;B&S;HMC
BACKEND/ENSAMBLE FINAL;Despanelizado;B&S;HMC
BACKEND/ENSAMBLE FINAL;Despanelizado;B&S;HMC
BACKEND/ENSAMBLE FINAL;Despanelizado;B&S;HMC
BACKEND/ENSAMBLE FINAL;Despanelizado;B&S;HMC
BACKEND/ENSAMBLE FINAL;Despanelizado;B&S;HMC
BACKEND/ENSAMBLE FINAL;Despanelizado;B&S;HMC
BACKEND/ENSAMBLE FINAL;Despanelizado;B&S;HMC
BACKEND/ENSAMBLE FINAL;Despanelizado;B&S;HMC
BACKEND/ENSAMBLE FINAL;Despanelizado;B&S;HMC
BACKEND/ENSAMBLE FINAL;Ensamble de seal;B&S;HMC
BACKEND/ENSAMBLE FINAL;Ensamble de seal;B&S;HMC
BACKEND/ENSAMBLE FINAL;Ensamble de seal;B&S;HMC
BACKEND/ENSAMBLE FINAL;Ensamble de seal;B&S;HMC
BACKEND/ENSAMBLE FINAL;Ensamble de seal;B&S;HMC
BACKEND/ENSAMBLE FINAL;Ensamble de seal;B&S;HMC
BACKEND/ENSAMBLE FINAL;Ensamble de PCB;B&S;HMC
BACKEND/ENSAMBLE FINAL;Ensamble de PCB;B&S;HMC
BACKEND/ENSAMBLE FINAL;Ensamble de PCB;B&S;HMC
BACKEND/ENSAMBLE FINAL;Ensamble de PCB;B&S;HMC
BACKEND/ENSAMBLE FINAL;Ensamble de PCB;B&S;HMC
BACKEND/ENSAMBLE FINAL;Ensamble de PCB;B&S;HMC
BACKEND/ENSAMBLE FINAL;Ensamble de PCB;B&S;HMC
BACKEND/ENSAMBLE FINAL;Ensamble de PCB;B&S;HMC
BACKEND/ENSAMBLE FINAL;Ensamble de PCB;B&S;HMC
BACKEND/ENSAMBLE FINAL;Ensamble de PCB;B&S;HMC
BACKEND/ENSAMBLE FINAL;Carga y descarga celda  Bosch;B&S;HMC
BACKEND/ENSAMBLE FINAL;Carga y descarga celda  Bosch;B&S;HMC
BACKEND/ENSAMBLE FINAL;Carga y descarga celda  Bosch;B&S;HMC
BACKEND/ENSAMBLE FINAL;Carga y descarga celda  Bosch;B&S;HMC
BACKEND/ENSAMBLE FINAL;Medición de altura;B&S;HMC
BACKEND/ENSAMBLE FINAL;Inserción de batería;B&S;HMC
BACKEND/ENSAMBLE FINAL;Inserción de batería;B&S;HMC
BACKEND/ENSAMBLE FINAL;Robot de Soldado;B&S;HMC
BACKEND/ENSAMBLE FINAL;Robot de Soldado;B&S;HMC
BACKEND/ENSAMBLE FINAL;Robot de Soldado;B&S;HMC
BACKEND/ENSAMBLE FINAL;Robot de Soldado;B&S;HMC
BACKEND/ENSAMBLE FINAL;Robot de Soldado;B&S;HMC
BACKEND/ENSAMBLE FINAL;Robot de Soldado;B&S;HMC
BACKEND/ENSAMBLE FINAL;Robot de Soldado;B&S;HMC
BACKEND/ENSAMBLE FINAL;Robot de Soldado;B&S;HMC
BACKEND/ENSAMBLE FINAL;Robot de Soldado;B&S;HMC
BACKEND/ENSAMBLE FINAL;Robot de Soldado;B&S;HMC
BACKEND/ENSAMBLE FINAL;Robot de Soldado;B&S;HMC
BACKEND/ENSAMBLE FINAL;Retoque ;B&S;HMC
BACKEND/ENSAMBLE FINAL;Retoque ;B&S;HMC
BACKEND/ENSAMBLE FINAL;Retoque ;B&S;HMC
BACKEND/ENSAMBLE FINAL;Retoque ;B&S;HMC
BACKEND/ENSAMBLE FINAL;Retoque ;B&S;HMC
BACKEND/ENSAMBLE FINAL;Retoque ;B&S;HMC
BACKEND/ENSAMBLE FINAL;Retoque ;B&S;HMC
BACKEND/ENSAMBLE FINAL;Retoque ;B&S;HMC
BACKEND/ENSAMBLE FINAL;Retoque ;B&S;HMC
BACKEND/ENSAMBLE FINAL;Retoque ;B&S;HMC
BACKEND/ENSAMBLE FINAL;Retoque ;B&S;HMC
BACKEND/ENSAMBLE FINAL;Retoque ;B&S;HMC
BACKEND/ENSAMBLE FINAL;Retoque ;B&S;HMC
BACKEND/ENSAMBLE FINAL;Retoque ;B&S;HMC
BACKEND/ENSAMBLE FINAL;RF Mix;B&S;HMC
BACKEND/ENSAMBLE FINAL;RF Mix;B&S;HMC
BACKEND/ENSAMBLE FINAL;RF Mix;B&S;HMC
BACKEND/ENSAMBLE FINAL;RF Mix;B&S;HMC
BACKEND/ENSAMBLE FINAL;RF Mix;B&S;HMC
BACKEND/ENSAMBLE FINAL;RF Mix;B&S;HMC
BACKEND/ENSAMBLE FINAL;PU;B&S;HMC
BACKEND/ENSAMBLE FINAL;PU;B&S;HMC
BACKEND/ENSAMBLE FINAL;PU;B&S;HMC
BACKEND/ENSAMBLE FINAL;PU;B&S;HMC
BACKEND/ENSAMBLE FINAL;PU;B&S;HMC
BACKEND/ENSAMBLE FINAL;PU;B&S;HMC
BACKEND/ENSAMBLE FINAL;Ensamble de válvula;B&S;HMC
BACKEND/ENSAMBLE FINAL;Ensamble de válvula;B&S;HMC
BACKEND/ENSAMBLE FINAL;Ensamble de válvula;B&S;HMC
BACKEND/ENSAMBLE FINAL;Ensamble de válvula;B&S;HMC
BACKEND/ENSAMBLE FINAL;Ensamble de válvula;B&S;HMC
BACKEND/ENSAMBLE FINAL;Ensamble de válvula;B&S;HMC
BACKEND/ENSAMBLE FINAL;Ensamble de washer;B&S;HMC
BACKEND/ENSAMBLE FINAL;Ensamble de washer;B&S;HMC
BACKEND/ENSAMBLE FINAL;Ensamble de washer;B&S;HMC
BACKEND/ENSAMBLE FINAL;Ensamble de washer;B&S;HMC
BACKEND/ENSAMBLE FINAL;Ensamble de washer;B&S;HMC
BACKEND/ENSAMBLE FINAL;Ensamble de washer;B&S;HMC
BACKEND/ENSAMBLE FINAL;Prueba Final;B&S;HMC
BACKEND/ENSAMBLE FINAL;Prueba Final;B&S;HMC
BACKEND/ENSAMBLE FINAL;Empaque;B&S;HMC
BACKEND/ENSAMBLE FINAL;Empaque;B&S;HMC
