area,tecnologia,division,proyecto
BACKEND/ENSAMBLE FINAL,INTRODUCCION,B&S,PK MY 13 FORD
BACKEND/ENSAMBLE FINAL,INTRODUCCION,B&S,CMF1
BACKEND/ENSAMBLE FINAL,INTRODUCCION,B&S,FOB K2XX
BACKEND/ENSAMBLE FINAL,INTRODUCCION,B&S,NISSAN KEY FOB CMF1
BACKEND/ENSAMBLE FINAL,INTRODUCCION,B&S,PK MY 13 FORD
BACKEND/ENSAMBLE FINAL,INTRODUCCION,B&S,PK MY 13 FORD
BACKEND/ENSAMBLE FINAL,INTRODUCCION,B&S,ESCL
DIAGNOSTICO,INTRODUCCION,B&S,PK MY 13 FORD
DIAGNOSTICO,INTRODUCCION,B&S,CMF1
DIAGNOSTICO,INTRODUCCION,B&S,FOB K2XX
DIAGNOSTICO,INTRODUCCION,B&S,NISSAN KEY FOB CMF1
DIAGNOSTICO,INTRODUCCION,B&S,PK MY 13 FORD
DIAGNOSTICO,INTRODUCCION,B&S,PK MY 13 FORD
DIAGNOSTICO,INTRODUCCION,B&S,ESCL
SMD,INTRODUCCION,B&S,PK MY 13 FORD
SMD,INTRODUCCION,B&S,CMF1
SMD,INTRODUCCION,B&S,FOB K2XX
SMD,INTRODUCCION,B&S,NISSAN KEY FOB CMF1
SMD,INTRODUCCION,B&S,PK MY 13 FORD
SMD,INTRODUCCION,B&S,PK MY 13 FORD
SMD,INTRODUCCION,B&S,ESCL
WHSE,INTRODUCCION,B&S,PK MY 13 FORD
WHSE,INTRODUCCION,B&S,CMF1
WHSE,INTRODUCCION,B&S,FOB K2XX
WHSE,INTRODUCCION,B&S,NISSAN KEY FOB CMF1
WHSE,INTRODUCCION,B&S,PK MY 13 FORD
WHSE,INTRODUCCION,B&S,PK MY 13 FORD
WHSE,INTRODUCCION,B&S,ESCL
BACKEND/ENSAMBLE FINAL,INTRODUCCION,B&S 2,TIS 1D
BACKEND/ENSAMBLE FINAL,INTRODUCCION,B&S 2,BMW FBD 3
BACKEND/ENSAMBLE FINAL,INTRODUCCION,B&S 2,WK_WD PASE
BACKEND/ENSAMBLE FINAL,INTRODUCCION,B&S 2,CUSW UF PASE
SMD,INTRODUCCION,B&S 2,TIS 1D
SMD,INTRODUCCION,B&S 2,BMW FBD 3
SMD,INTRODUCCION,B&S 2,WK_WD PASE
SMD,INTRODUCCION,B&S 2,CUSW UF PASE
WHSE,INTRODUCCION,B&S 2,TIS 1D
WHSE,INTRODUCCION,B&S 2,BMW FBD 3
WHSE,INTRODUCCION,B&S 2,WK_WD PASE
WHSE,INTRODUCCION,B&S 2,CUSW UF PASE
DIAGNOSTICO,INTRODUCCION,B&S 2,TIS 1D
DIAGNOSTICO,INTRODUCCION,B&S 2,BMW FBD 3
DIAGNOSTICO,INTRODUCCION,B&S 2,WK_WD PASE
DIAGNOSTICO,INTRODUCCION,B&S 2,CUSW UF PASE
BACKEND/ENSAMBLE FINAL,INTRODUCCION,B&S 3,PCU Honda MY14
BACKEND/ENSAMBLE FINAL,INTRODUCCION,B&S 3,Fob Honda MY14
BACKEND/ENSAMBLE FINAL,INTRODUCCION,B&S 3,Bidir Fob Honda MY14
SMD,INTRODUCCION,B&S 3,PCU Honda MY14
SMD,INTRODUCCION,B&S 3,Fob Honda MY14
SMD,INTRODUCCION,B&S 3,Bidir Fob Honda MY14
DIAGNOSTICO,INTRODUCCION,B&S 3,PCU Honda MY14
DIAGNOSTICO,INTRODUCCION,B&S 3,Fob Honda MY14
DIAGNOSTICO,INTRODUCCION,B&S 3,Bidir Fob Honda MY14
WHSE,INTRODUCCION,B&S 3,PCU Honda MY14
WHSE,INTRODUCCION,B&S 3,Fob Honda MY14
WHSE,INTRODUCCION,B&S 3,Bidir Fob Honda MY14
